{
  "route_delay_rate": 0.08356848274365096,
  "route_avg_delay": 0.9249227411442038,
  "stop_delay_rate": 0.08356848274365096,
  "stop_avg_delay": 0.9249227411442038
}