feature,coefficient,abs_coefficient
stop_delay_rate,1.6841121316032723,1.6841121316032723
route_delay_rate,0.5756988536165571,0.5756988536165571
route_std_delay,0.3267500563276294,0.3267500563276294
stop_sequence,0.31839842427945186,0.31839842427945186
route_avg_delay,-0.1484776048305186,0.1484776048305186
stop_avg_delay,-0.014573271403884086,0.014573271403884086
hour,0.0,0.0
day_of_week,0.0,0.0
is_weekend,0.0,0.0
is_rush_hour,0.0,0.0
