Model,Accuracy,Precision,Recall,F1 Score
Baseline (Route-Based),0.8954,0.108,0.073,0.0871
Logistic Regression,0.90625,0.23766816143497757,0.16825396825396827,0.1970260223048327
